#acid_cid, time(sec), point_source, latitude(deg), longitude(deg), altitude(feet), altDot(feet/sec), air_temp(Kelvin), air_density, pressure, delta_distance(nm), groundspeed(kts), heading(deg), windDirTo(deg), windMag(kts), true_airspeedCalc(kts), true_airspeedUsed(kts), true_airspeed(mps), true_airspeed_dot(mps2), bank_angle, config, lift_coeff, profile_drag_coeff, induced_drag_coeff, drag_coeff, thrust_drag(N), thrust_accel(N), thrust_pe(N), totalThrustCalc(N), totalThrustUsed(N), spec_fuel_consump(kg/min/kN), fuel_consump_rate(kg/min), fuel_burned(kg), weight(kg)
ABC006_006,49532, T,39.46,-74.572778,0,0,281.744,1.211,1013.25,0,133,0,114.521,5.821,135.519,137.567,70.771,0,0, TO,0,0,0,0,0,0,0,0,0,0,0,0,20749.198
ABC006_006,49542, T,39.463889,-74.582222,0,0,281.752,1.211,1013.25,0.496,159,0,114.707,5.803,161.512,149.539,76.93,0.308,0, TO,0.872979,0.018235,0.042467,0.050599,12802.4,6389.737,0,19192.137,19192.137,0.853381,16.378214,2.73,20746.468
ABC006_006,49552, T,39.466667,-74.589444,250,15,281.758,1.211,1004.125894,0.374,174,90,114.846,5.79,168.764,171.546,88.251,1.132,0, TO,0.69808,0.018235,0.042467,0.03893,12958.963,23487.269,17325.286,53771.519,53771.519,0.881627,47.406404,7.901,20738.567
ABC006_006,49555.462, I,39.468301,-74.593291,400,21.923,281.762,1.21,998.683446,0.203,178.846, ï¿½,0,0,176.293,174.581,89.812,0.451,0, TO,0.600578,0.018235,0.042467,0.033553,11566.148,9355.869,29205.64,50127.656,50127.656,0.902443,45.237361,2.61,20735.957
ABC006_006,49562, T,39.471389,-74.600556,683.3,35,281.768,1.21,988.468444,0.384,188,0,115.059,5.769,190.515,190.515,98.01,1.092,0, IC,0.539861,0.018235,0.042467,0.030612,12563.394,22642.168,27780.101,62985.664,62985.664,0.918212,57.834184,6.302,20729.655
ABC006_006,49572, T,39.474167,-74.609167,1100,40,281.885,1.205,973.600237,0.432,195,90,118.343,5.637,190.058,192.338,98.947,0.094,0, IC,0.492872,0.018235,0.042467,0.028551,11892.62,1944.182,25744.93,39581.731,39581.731,0.932973,36.928675,6.155,20723.5
ABC006_006,49582, T,39.473333,-74.623333,1250,25,281.883,1.205,968.292234,0.658,204,0.028,118.253,5.63,206.722,203.868,104.879,0.317,0, IC,0.460071,0.018235,0.042467,0.027224,12740.067,6561.235,8856.654,28157.957,28157.957,0.944073,26.583155,4.431,20719.07
ABC006_006,49592, T,39.468889,-74.630833,1133.3,0,281.883,1.205,972.418649,0.438,210,90,118.225,5.628,205.059,208.113,107.063,0.218,0, IC,0.425421,0.018235,0.042467,0.025921,12640.753,4524.654,-6690.264,10475.143,10475.143,0.957186,10.026657,1.671,20717.398
ABC006_006,49602, T,39.458333,-74.635833,1166.7,0,281.883,1.205,971.238223,0.674,207,0,118.242,5.629,209.722,208.668,107.348,0.013,0, IC,0.415647,0.018235,0.042467,0.025572,12537.011,271.623,1939.05,14747.685,14747.685,0.961175,14.175111,2.363,20715.036
ABC006_006,49612, T,39.450833,-74.635,1300,10,281.884,1.205,966.528116,0.452,202,90,118.28,5.632,197.058,199.946,102.861,-0.401,0, IC,0.43238,0.018235,0.042467,0.026174,11782.141,-8302.294,7947.281,11427.128,11427.128,0.954386,10.905893,1.818,20713.218
ABC006_006,49622, T,39.440556,-74.628889,1233.3,0,281.885,1.205,968.880852,0.679,200,180,118.357,5.638,197.384,195.219,100.43,-0.243,0, IC,0.462273,0.018235,0.042467,0.02731,11718.939,-5036.77,-4013.025,2669.144,2669.144,0.943207,8.186632,1.364,20711.854
ABC006_006,49632, T,39.435278,-74.621667,1183.3,-5,281.887,1.205,970.648445,0.461,198,90,118.419,5.643,193.056,193.831,99.715,-0.066,0, IC,0.476889,0.018235,0.042467,0.027893,11799.437,-1362.432,-3039.97,7397.035,7397.035,0.938124,8.187786,1.365,20710.489
ABC006_006,49642, T,39.429722,-74.609722,1200,0,281.888,1.205,970.058957,0.646,194,180,118.509,5.65,191.367,190.927,98.222,-0.108,0, IC,0.487559,0.018235,0.042467,0.02833,11627.809,-2232.02,1034.148,10429.938,10429.938,0.934556,9.747364,1.625,20708.865
ABC006_006,49652, T,39.426389,-74.601389,1116.7,-5,281.89,1.205,973.009298,0.435,191,90,118.572,5.655,186.053,186.657,96.025,-0.22,0, IC,0.506224,0.018235,0.042467,0.029118,11422.498,-4549.062,-5251.546,1621.891,1621.891,0.928593,8.189325,1.365,20707.5
ABC006_006,49662, T,39.421667,-74.589167,1083.3,-5,281.891,1.205,974.191466,0.633,186,180,118.665,5.663,183.351,182.916,94.1,-0.192,0, IC,0.52838,0.018235,0.042467,0.030091,11335.751,-3986.127,-2156.944,5192.679,5192.679,0.921933,8.190095,1.365,20706.135
ABC006_006,49672, T,39.418889,-74.581389,933.3,-10,281.893,1.205,979.525629,0.397,179,90,118.724,5.668,174.051,175.151,90.105,-0.36,0, IC,0.56285,0.018235,0.042467,0.031689,10945.475,-7463.265,-10085.159,-6602.949,-6602.949,0.912368,8.193557,1.366,20704.769
ABC006_006,49682, T,39.415278,-74.569722,783.3,-15,281.729,1.212,984.883418,0.583,172,180,114.187,5.854,169.686,168.863,86.871,-0.323,0, IC,0.606151,0.018235,0.042467,0.033838,10928.079,-6697.035,-10494.909,-6263.866,-6263.866,0.900686,8.197019,1.366,20703.403
ABC006_006,49692, T,39.413611,-74.561944,783.3,-5,281.723,1.212,984.883418,0.374,158,90,114.06,5.866,152.662,154.772,79.621,-0.645,0, IC,0.68468,0.018235,0.042467,0.038143,10350.705,-13360.927,0,-3010.222,-3010.222,0.883746,8.197019,1.366,20702.037
ABC006_006,49702, T,39.413611,-74.550833,800,0,281.715,1.213,984.286939,0.515,148,180,113.885,5.884,145.717,144.037,74.099,-0.552,0, IC,0.802856,0.018235,0.042467,0.045608,10722.851,-11432.356,1355.02,645.515,645.515,0.863109,8.196634,1.366,20700.671
ABC006_006,49712, T,39.416111,-74.545,800,0,281.711,1.213,984.286939,0.309,140,90,113.801,5.892,134.63,138.138,71.064,-0.303,0, IC,0.900095,0.018235,0.042467,0.052641,11385.03,-6282.179,0,5102.851,5102.851,0.849282,8.196634,1.366,20699.305
ABC006_006,49722, T,39.421667,-74.538611,633.3,-10,281.707,1.213,990.264916,0.446,140,180,113.716,5.901,137.733,136.623,70.285,-0.074,0, IC,0.949105,0.018235,0.042467,0.056489,11952.952,-1532.851,-14322.603,-3902.502,-3902.502,0.843119,8.200481,1.367,20697.938
ABC006_006,49732, T,39.426389,-74.536111,566.7,-10,281.706,1.213,992.664323,0.306,136,90,113.691,5.903,130.616,137.826,70.904,0.062,0, IC,0.951156,0.018235,0.042467,0.056655,12200.526,1280.432,-5897.153,7583.805,7583.805,0.84286,8.20202,1.367,20696.571
ABC006_006,49742, T,39.433889,-74.534444,433.3,-10,281.706,1.213,997.477263,0.457,138,180,113.692,5.903,135.736,137.756,70.868,0.013,0, IC,0.943295,0.018235,0.042467,0.056022,12052.02,279.18,-11622.606,708.593,708.593,0.843801,8.205098,1.368,20695.203
ABC006_006,49752, T,39.439167,-74.534167,283.3,-15,281.707,1.213,1002.91439,0.317,135,90,113.709,5.902,129.618,137.652,70.814,-0.005,0, IC,0.944459,0.018235,0.042467,0.056116,12053.457,-110.763,-13365.114,-1422.421,-1422.421,0.843656,8.20856,1.368,20693.835
ABC006_006,49762, T,39.446111,-74.537222,200,-10,281.711,1.213,1005.945371,0.44,130,0,113.798,5.893,132.488,137.597,70.786,-0.003,0, IC,0.945648,0.018235,0.042467,0.056211,12062.309,-58.099,-7710.133,4294.077,4294.077,0.843524,8.210484,1.368,20692.467
ABC006_006,49772, T,39.449722,-74.541667,100,-10,281.715,1.213,1009.592336,0.299,132,90,113.9,5.882,126.644,137.554,70.764,-0.002,0, IC,0.94644,0.018235,0.042467,0.056275,12066.097,-38.851,-9111.373,2915.873,2915.873,0.843443,8.212792,1.369,20691.098
ABC006_006,49782, T,39.452778,-74.550278,0,-10,281.724,1.212,1013.25,0.439,131,0,114.077,5.865,133.5,137.508,70.74,-0.002,0, IC,0.947314,0.018235,0.042467,0.056345,12068.881,-46.901,-9180.318,2841.661,2841.661,0.843369,8.2151,1.369,20689.729
ABC006_006,49792, T,39.455,-74.555833,0,-5,281.729,1.212,1013.25,0.29,135,90,114.191,5.853,129.683,137.514,70.744,0,0, IC,0.947732,0.018235,0.042467,0.056379,12074.666,2.259,0,12076.924,12076.924,0.843336,10.184905,1.697,20688.031
ABC006_006,49802, T,39.458611,-74.564167,0,0,281.736,1.212,1013.25,0.443,126,0,114.362,5.836,128.518,137.545,70.759,0.002,0, IC,0.947702,0.018235,0.042467,0.056376,12075.641,32.843,0,12108.484,12108.484,0.843367,10.211901,1.702,20686.329
ABC007_007,49828, T,39.464722,-74.578611,0,0,281.75,1.211,1013.25,0,126,0,114.652,5.808,128.531,137.584,70.779,0,0, TO,0,0,0,0,0,0,0,0,0,0,0,0,20749.198
ABC007_007,49838, T,39.4675,-74.585,0,0,281.755,1.211,1013.25,0.34,163,90,114.778,5.796,157.756,147.67,75.968,0.259,0, TO,0.884471,0.018235,0.042467,0.051456,12694.274,5383.076,0,18077.349,18077.349,0.851842,15.39904,2.567,20746.631
ABC007_007,49848, T,39.471667,-74.595556,166.7,10,281.764,1.21,1007.159839,0.549,174,0,114.981,5.777,176.517,176.752,90.929,1.42,0, TO,0.683968,0.018235,0.042467,0.038102,13461.469,29454.51,11550.282,54466.26,54466.26,0.884401,48.170013,8.028,20738.603
ABC007_007,49858, T,39.474722,-74.603056,400,20,281.77,1.21,998.683446,0.393,187,90,115.123,5.763,181.798,184.045,94.681,0.375,0, TO,0.552939,0.018235,0.042467,0.031219,11955.572,7780.325,15040.427,34776.324,34776.324,0.914638,31.807749,5.301,20733.302
ABC007_007,49868, T,39.479722,-74.615278,683.3,25,281.78,1.21,988.468444,0.641,203,0,115.349,5.742,205.524,202.45,104.149,0.665,0, IC,0.481933,0.018235,0.042467,0.028098,13014.849,13781.886,16819.597,43616.332,43616.332,0.935999,40.82486,6.804,20726.498
ABC007_007,49878, T,39.483611,-74.624167,1000,30,281.882,1.205,977.151978,0.473,211,90,118.207,5.626,206.059,209.924,107.994,0.385,0, IC,0.424763,0.018235,0.042467,0.025897,12849.92,7969.452,18079.704,38899.075,38899.075,0.957512,37.246319,6.208,20720.29
ABC007_007,49888, T,39.4875,-74.638889,1133.3,20,281.88,1.205,972.418649,0.721,226,0.003,118.1,5.618,228.7,225.015,115.758,0.617,0, IC,0.381715,0.018235,0.042467,0.024423,13923.44,12791.35,7105.123,33819.913,33819.913,0.97627,33.017352,5.503,20714.787
ABC007_007,49898, T,39.486667,-74.65,1033.3,0,281.879,1.205,975.9669,0.517,243,90,118.038,5.613,238.06,240.274,123.607,0.785,0, IC,0.333452,0.018235,0.042467,0.022957,14923.02,16260.173,-4954.727,26228.466,26228.466,1.001498,26.26776,4.378,20710.409
ABC007_007,49908, T,39.480556,-74.665278,1066.7,0,281.878,1.205,974.782987,0.797,240,0.002,117.986,5.609,242.682,243.472,125.253,0.165,0, IC,0.308426,0.018235,0.042467,0.022275,14867.697,3407.771,1671.867,19947.335,19947.335,1.016841,20.28326,3.381,20707.029
ABC007_007,49918, T,39.475833,-74.674722,1283.3,15,281.878,1.205,967.115866,0.521,232,90,117.968,5.607,227.063,230.436,118.547,-0.635,0, IC,0.321311,0.018235,0.042467,0.022619,13524.276,-13145.284,11240.028,11619.021,11619.021,1.008663,11.71968,1.953,20705.075
ABC007_007,49928, T,39.468889,-74.688333,1333.3,10,281.878,1.205,965.353485,0.756,231,0.002,118.112,5.679,233.729,230.015,118.33,-0.022,0, IC,0.340335,0.018235,0.042467,0.023154,13793.261,-448.963,2604.836,15949.133,15949.133,0.997477,15.90889,2.651,20702.424
ABC007_007,49938, T,39.463611,-74.6975,1133.3,-10,281.879,1.205,972.418649,0.53,240,90,118.141,5.684,235.003,235.902,121.358,0.303,0, IC,0.332355,0.018235,0.042467,0.022926,14365.507,6269.892,-10027.333,10608.067,10608.067,1.00202,10.629497,1.772,20700.652
ABC007_007,49948, T,39.455833,-74.711944,983.3,-15,281.88,1.205,977.744953,0.816,245,0.002,118.2,5.694,247.741,245.831,126.466,0.511,0, IC,0.310864,0.018235,0.042467,0.022339,15200.69,10573.209,-7366.39,18407.509,18407.509,1.015167,18.686698,3.114,20697.538
ABC007_007,49958, T,39.450833,-74.721389,1150,5,281.88,1.205,971.828291,0.531,239,90,118.249,5.702,233.993,238.407,122.647,-0.198,0, IC,0.307611,0.018235,0.042467,0.022253,14241.795,-4107.471,8389.093,18523.417,18523.417,1.01725,18.842942,3.14,20694.397
ABC007_007,49968, T,39.443056,-74.735556,1233.3,10,281.882,1.205,968.880852,0.805,239,0.002,118.336,5.716,241.765,238.179,122.53,-0.012,0, IC,0.317522,0.018235,0.042467,0.022517,14382.435,-243.698,4193.91,18332.647,18332.647,1.010889,18.53227,3.089,20691.309
ABC007_007,49978, T,39.438056,-74.745,1116.7,-5,281.883,1.205,973.009298,0.531,242,90,118.399,5.727,236.978,239.071,122.989,0.046,0, IC,0.316593,0.018235,0.042467,0.022492,14474.319,950.367,-5797.822,9626.864,9626.864,1.011441,9.737003,1.623,20689.686
ABC007_007,49988, T,39.428889,-74.757222,1166.7,0,281.885,1.205,971.238223,0.789,238,0,118.523,5.747,240.797,239.363,123.139,0.015,0, IC,0.315005,0.018235,0.042467,0.022449,14482.063,310.42,2526.344,17318.826,17318.826,1.012425,17.53402,2.922,20686.763
ABC007_007,49998, T,39.421944,-74.763889,1383.3,15,281.887,1.205,963.593706,0.519,229,90,118.619,5.763,223.958,227.401,116.985,-0.515,0, IC,0.33091,0.018235,0.042467,0.022885,13324.67,-10663.505,11376.133,14037.298,14037.298,1.002724,14.075538,2.346,20684.417
ABC007_007,50008, T,39.410833,-74.771944,1350,5,281.889,1.205,964.766603,0.764,234,0,118.775,5.79,236.842,231.888,119.293,0.108,0, IC,0.341733,0.018235,0.042467,0.023194,14042.732,2229.216,-1712.583,14559.364,14559.364,0.99651,14.508555,2.418,20681.999
ABC007_007,50018, T,39.402778,-74.776667,1200,-10,281.891,1.205,970.058957,0.531,239,90,118.891,5.81,233.93,236.562,121.698,0.24,0, IC,0.328461,0.018235,0.042467,0.022817,14376.514,4973.767,-7544.516,11805.765,11805.765,1.004126,11.854474,1.976,20680.024
ABC007_007,50028, T,39.390278,-74.782778,1183.3,-5,281.894,1.205,970.648445,0.802,238,0,119.078,5.843,240.894,239.248,123.08,0.138,0, IC,0.318352,0.018235,0.042467,0.022539,14525.618,2856.889,-841.721,16540.786,16540.786,1.010244,16.71023,2.785,20677.239
ABC007_007,50038, T,39.381944,-74.786389,1200,0,281.896,1.205,970.058957,0.527,236,90,119.208,5.866,230.898,233.725,120.238,-0.231,0, IC,0.322143,0.018235,0.042467,0.022642,13925.997,-4772.56,848.74,10002.177,10002.177,1.007885,10.081045,1.68,20675.558
ABC007_007,50048, T,39.369444,-74.791389,1200,0,281.9,1.205,970.058957,0.785,238,0,119.411,5.902,240.953,237.611,122.238,0.049,0, IC,0.324362,0.018235,0.042467,0.022703,14431.525,1010.66,0,15442.186,15442.186,1.006525,15.54294,2.59,20672.968
ABC007_007,50058, T,39.360833,-74.794722,1116.7,-5,282.163,1.204,973.009298,0.539,241,90,116.099,6.631,235.063,237.721,122.294,0.006,0, IC,0.319193,0.018235,0.042467,0.022562,14341.38,116.565,-4154.799,10303.146,10303.146,1.009847,10.404596,1.734,20671.234
ABC007_007,50068, T,39.348056,-74.8,1083.3,-5,282.182,1.204,974.191466,0.805,242,0,115.623,6.669,244.958,242.327,124.664,0.166,0, IC,0.312947,0.018235,0.042467,0.022394,14790.814,3431.985,-1654.913,16567.886,16567.886,1.013767,16.79597,2.799,20668.435
ABC007_007,50078, T,39.339722,-74.803889,1183.3,5,282.193,1.204,970.648445,0.532,241,90,115.332,6.692,234.969,238.283,122.583,-0.095,0, IC,0.312186,0.018235,0.042467,0.022374,14287.733,-1970.513,4984.666,17301.886,17301.886,1.014234,17.548154,2.925,20665.51
ABC007_007,50088, T,39.326944,-74.809167,1216.7,5,282.21,1.204,969.46976,0.805,239,0,114.919,6.726,241.911,239.089,122.998,-0.016,0, IC,0.316409,0.018235,0.042467,0.022487,14456.258,-338.681,1675.222,15792.8,15792.8,1.011542,15.975081,2.663,20662.847
ABC007_007,50098, T,39.318611,-74.812778,1200,0,282.22,1.204,970.058957,0.527,238,90,114.668,6.747,231.885,234.713,120.747,-0.139,0, IC,0.321164,0.018235,0.042467,0.022615,14011.227,-2873.747,-841.022,10296.458,10296.458,1.008575,10.384752,1.731,20661.117
ABC007_007,50108, T,39.305556,-74.817778,1200,0,282.235,1.204,970.058957,0.817,239,0,114.302,6.779,241.869,238.534,122.712,0.082,0, IC,0.321908,0.018235,0.042467,0.022636,14483.298,1690.721,0,16174.02,16174.02,1.008114,16.305249,2.718,20658.399
ABC007_007,50118, T,39.297222,-74.821111,1116.7,-5,282.244,1.204,973.009298,0.523,241,90,114.084,6.797,234.811,237.651,122.258,0.01,0, IC,0.317916,0.018235,0.042467,0.022527,14306.964,204.126,-4151.871,10359.219,10359.219,1.010555,10.468566,1.745,20656.654
ABC007_007,50128, T,39.284444,-74.826667,1083.3,-5,282.256,1.203,974.191466,0.809,241,0,113.775,6.824,243.831,241.151,124.059,0.102,0, IC,0.314437,0.018235,0.042467,0.022434,14669.79,2110.545,-1660.608,15119.727,15119.727,1.012731,15.312222,2.552,20654.102
ABC007_007,50138, T,39.276111,-74.83,1100,0,282.264,1.203,973.600237,0.523,241,90,113.588,6.841,234.747,237.764,122.316,-0.078,0, IC,0.314259,0.018235,0.042467,0.022429,14257.133,-1603.208,830.202,13484.127,13484.127,1.012825,13.657067,2.276,20651.826
ABC007_007,50148, T,39.263056,-74.834444,1183.3,5,282.275,1.203,970.648445,0.81,238,0,113.318,6.865,240.8,238.277,122.58,-0.02,0, IC,0.318043,0.018235,0.042467,0.022531,14383.003,-410.165,4202.868,18175.705,18175.705,1.010436,18.365387,3.061,20648.765
ABC007_007,50158, T,39.254444,-74.836389,1216.7,5,282.282,1.203,969.46976,0.525,235,90,113.152,6.88,228.69,231.717,119.206,-0.243,0, IC,0.32624,0.018235,0.042467,0.022755,13736.998,-5025.605,1702.356,10413.749,10413.749,1.005409,10.470081,1.745,20647.02
ABC007_007,50168, T,39.241389,-74.839722,1200,0,282.292,1.203,970.058957,0.798,240,0,112.927,6.901,242.772,238.406,122.647,0.17,0, IC,0.326044,0.018235,0.042467,0.022749,14537.584,3507.397,-833.375,17211.606,17211.606,1.005517,17.306559,2.884,20644.136
ABC007_007,50178, T,39.232778,-74.840556,1116.7,-5,282.298,1.203,973.009298,0.518,237,90,112.785,6.914,230.641,235.01,120.899,-0.075,0, IC,0.321486,0.018235,0.042467,0.022624,14048.222,-1541.9,-4219.03,8287.293,8287.293,1.008254,8.355695,1.393,20642.743
ABC007_007,50188, T,39.219444,-74.838889,1083.3,-5,282.299,1.203,974.191466,0.804,238,180,112.553,7.071,235.379,232.567,119.643,-0.126,0, IC,0.329543,0.018235,0.042467,0.022847,13893.177,-2593.668,-1680.408,9619.102,9619.102,1.0034,9.65181,1.609,20641.134
ABC007_007,50198, T,39.210556,-74.838889,1016.7,-5,282.307,1.204,976.559293,0.533,241,90,111.301,7.016,234.477,235.417,121.109,0.109,0, IC,0.32869,0.018235,0.042467,0.022823,14231.857,2258.142,-3318.721,13171.278,13171.278,1.003739,13.220523,2.203,20638.931
ABC007_007,50208, T,39.197778,-74.834722,1066.7,0,282.312,1.203,974.782987,0.791,230,180,112.335,7.04,227.418,228.444,117.522,-0.229,0, IC,0.334798,0.018235,0.042467,0.022995,13491.281,-4728.835,2607.803,11370.25,11370.25,1.000311,11.373789,1.896,20637.035
ABC007_007,50218, T,39.190556,-74.828889,1200,10,282.317,1.203,970.058957,0.511,219,90,112.283,7.028,212.514,213.821,109.999,-0.752,0, IC,0.368279,0.018235,0.042467,0.023995,12332.501,-15524.759,7302.767,4110.508,4110.508,0.982359,8.187402,1.365,20635.671
ABC007_007,50228, T,39.181944,-74.817778,1216.7,5,282.333,1.203,969.46976,0.731,214,180,112.18,7,211.457,209.149,107.595,-0.24,0, IC,0.402656,0.018235,0.042467,0.02512,12351.778,-4959.966,934.112,8325.925,8325.925,0.96632,8.187017,1.365,20634.306
ABC007_007,50238, T,39.176944,-74.81,1200,0,282.333,1.203,970.058957,0.47,212,90,112.182,7.001,205.534,206.345,106.153,-0.075,0, IC,0.41724,0.018235,0.042467,0.025628,12266.111,-1546.553,-942.862,9776.695,9776.695,0.960105,9.386656,1.564,20632.742
ABC007_007,50248, T,39.17,-74.798056,1283.3,5,282.333,1.203,967.115866,0.694,208,180,112.238,7.007,205.451,204.477,105.192,-0.088,0, IC,0.426745,0.018235,0.042467,0.025969,12205.362,-1817.444,4804.607,15192.525,15192.525,0.956222,14.527424,2.421,20630.321
ABC007_007,50258, T,39.165833,-74.789444,1233.3,0,282.332,1.203,968.880852,0.472,208,90,112.281,7.012,201.529,202.169,104.005,-0.107,0, IC,0.435494,0.018235,0.042467,0.026289,12078.8,-2206.115,-2882.426,6990.259,6990.259,0.952751,8.186632,1.364,20628.956
ABC007_007,50268, T,39.161111,-74.775556,1100,-10,282.332,1.203,973.600237,0.706,211,179.997,112.528,6.954,208.434,206.63,106.3,0.168,0, IC,0.430884,0.018235,0.042467,0.026119,12536.525,3458.94,-7576.681,8418.783,8418.783,0.95454,8.18971,1.365,20627.591
ABC007_007,50278, T,39.158889,-74.766111,1083.3,-5,282.332,1.203,974.191466,0.459,203,90,112.631,6.947,196.606,199.729,102.749,-0.2,0, IC,0.436046,0.018235,0.042467,0.026309,11798.3,-4116.909,-984.344,6697.048,6697.048,0.952512,8.190095,1.365,20626.226
ABC007_007,50288, T,39.162778,-74.754167,1100,0,282.332,1.203,973.600237,0.603,194,180,112.713,6.941,191.427,190.319,97.908,-0.484,0, IC,0.473247,0.018235,0.042467,0.027746,11297.717,-9984.669,1029.941,2342.988,2342.988,0.938953,8.18971,1.365,20624.861
ABC007_007,50298, T,39.17,-74.753056,1016.7,-5,282.303,1.205,976.559293,0.436,211,90,111.659,6.997,204.513,201.469,103.644,0.376,0, IC,0.468396,0.018235,0.042467,0.027552,12588.518,7751.085,-4734.486,15605.117,15605.117,0.940399,14.675038,2.446,20622.415
ABC007_007,50308, T,39.178056,-74.764444,1066.7,0,282.332,1.203,974.782987,0.717,230,0.002,112.488,6.956,232.749,230.224,118.438,1.479,0, IC,0.386271,0.018235,0.042467,0.024571,14640.521,30506.904,2605.717,47753.141,47753.141,0.973571,46.49107,7.749,20614.667
ABC007_007,50318, T,39.178056,-74.775833,1033.3,0,282.316,1.204,975.9669,0.53,243,90,111.79,6.995,236.519,240.597,123.774,0.534,0, IC,0.324368,0.018235,0.042467,0.022703,14785.005,11000.278,-1643.593,24141.69,24141.69,1.006097,24.288875,4.048,20610.619
ABC007_007,50328, T,39.17,-74.788889,983.3,-5,282.34,1.204,977.744953,0.776,242,0.002,111.268,7.004,244.628,243.904,125.475,0.073,0, IC,0.306289,0.018235,0.042467,0.022219,14868.328,1507.01,-2475.091,13900.246,13900.246,1.017469,14.143064,2.357,20608.262
ABC007_007,50338, T,39.162222,-74.794167,1000,0,282.341,1.204,977.151978,0.527,236,90,111.106,7.007,229.477,233.353,120.047,-0.485,0, IC,0.315577,0.018235,0.042467,0.022464,13761.907,-9985.777,845.909,4622.039,4622.039,1.011447,8.192018,1.365,20606.896
ABC007_007,50348, T,39.149722,-74.798333,1166.7,10,282.332,1.203,971.238223,0.775,227,0,112.429,7.022,229.771,227.197,116.88,-0.317,0, IC,0.339128,0.018235,0.042467,0.023119,13415.236,-6526.525,8793.889,15682.6,15682.6,0.997559,15.644314,2.607,20604.289
ABC007_007,50358, T,39.141667,-74.800833,1316.7,15,282.332,1.203,965.940656,0.497,224,90,112.523,7.028,217.525,219.615,112.98,-0.34,0, IC,0.360259,0.018235,0.042467,0.023747,12875.029,-7008.524,8019.483,13885.988,13885.988,0.986138,13.693506,2.282,20602.007
ABC007_007,50368, T,39.129444,-74.804167,1316.7,5,282.331,1.203,965.940656,0.75,223,0,112.672,7.038,225.806,222.385,114.405,0.042,0, IC,0.368103,0.018235,0.042467,0.023989,13336.839,855.59,0,14192.429,14192.429,0.982139,13.938932,2.323,20599.683
ABC007_007,50378, T,39.121111,-74.806389,1216.7,-5,282.331,1.203,969.46976,0.511,230,90,112.778,7.045,223.521,225.282,115.895,0.149,0, IC,0.3588,0.018235,0.042467,0.023702,13522.789,3070.04,-5205.689,11387.14,11387.14,0.986849,11.237393,1.873,20597.811
ABC007_007,50388, T,39.108333,-74.809167,1100,-10,282.33,1.203,973.600237,0.777,233,0,112.95,7.057,235.841,233.407,120.075,0.374,0, IC,0.341732,0.018235,0.042467,0.023194,14204.881,7708.73,-5994.561,15919.05,15919.05,0.996012,15.85556,2.643,20595.168
ABC007_007,50398, T,39.099722,-74.810556,1083.3,-5,282.33,1.203,974.191466,0.521,234,90,113.073,7.065,227.517,230.958,118.815,-0.058,0, IC,0.333386,0.018235,0.042467,0.022955,13764.85,-1199.896,-852.597,11712.358,11712.358,1.00073,11.720904,1.953,20593.214
ABC007_007,50408, T,39.086944,-74.811944,1183.3,5,282.122,1.204,970.648445,0.769,233,0,105.025,8.476,235.34,232.648,119.685,0.024,0, IC,0.334201,0.018235,0.042467,0.022978,13991.434,492.206,5137.049,19620.689,19620.689,1.000099,19.622634,3.27,20589.944
ABC007_007,50418, T,39.078333,-74.812778,1216.7,5,282.117,1.204,969.46976,0.518,230,90,105.083,8.495,221.809,225.368,115.939,-0.262,0, IC,0.342349,0.018235,0.042467,0.023212,13263.389,-5397.21,1734.409,9600.589,9600.589,0.995453,9.55693,1.593,20588.351
ABC007_007,50428, T,39.065556,-74.812222,1200,0,282.11,1.204,970.058957,0.767,226,180,105.173,8.524,223.92,221.313,113.853,-0.209,0, IC,0.359908,0.018235,0.042467,0.023736,13079.312,-4294.482,-882.485,7902.345,7902.345,0.98603,8.187402,1.365,20586.987
ABC007_007,50438, T,39.057222,-74.810833,1116.7,-5,282.105,1.204,973.009298,0.504,230,90,105.233,8.544,221.768,222.478,114.453,0.043,0, IC,0.364579,0.018235,0.042467,0.02388,13297.658,882.073,-4335.4,9844.331,9844.331,0.983628,9.683159,1.614,20585.373
ABC007_007,50448, T,39.044444,-74.807222,1083.3,-5,282.097,1.204,974.191466,0.785,230,180,105.329,8.575,227.883,226.505,116.524,0.207,0, IC,0.356158,0.018235,0.042467,0.023622,13634.993,4264.439,-1734.024,16165.408,16165.408,0.987944,15.970517,2.662,20582.711
ABC007_007,50458, T,39.036389,-74.804167,1100,0,282.092,1.204,973.600237,0.504,230,90,105.391,8.596,221.724,223.77,115.117,-0.058,0, IC,0.354066,0.018235,0.042467,0.023559,13272.339,-1198.033,866.9,12941.206,12941.206,0.989017,12.799078,2.133,20580.578
ABC007_007,50468, T,39.024167,-74.799444,1100,0,282.084,1.204,973.600237,0.766,231,180,105.488,8.629,228.847,226.633,116.59,0.041,0, IC,0.353818,0.018235,0.042467,0.023551,13610.269,850.484,0,14460.752,14460.752,0.989124,14.303476,2.384,20578.194
ABC007_007,50478, T,39.015833,-74.796111,1100,0,282.078,1.204,973.600237,0.524,235,90,105.557,8.652,226.677,228.226,117.41,0.082,0, IC,0.346872,0.018235,0.042467,0.023345,13681.391,1686.148,0,15367.539,15367.539,0.992828,15.257326,2.543,20575.651
ABC007_007,50488, T,39.002778,-74.795278,1100,0,282.263,1.203,973.600237,0.784,245,0,106.763,9.635,247.951,244.043,125.547,0.681,0, IC,0.321941,0.018235,0.042467,0.022637,15159.007,14009.227,0,29168.234,29168.234,1.007301,29.381184,4.897,20570.754
ABC007_007,50498, T,38.994167,-74.799722,1100,0,282.275,1.203,973.600237,0.557,250,90,106.672,9.686,240.737,245.485,126.288,0.074,0, IC,0.299583,0.018235,0.042467,0.022046,14938.05,1525.29,0,16463.34,16463.34,1.021647,16.819728,2.803,20567.951
ABC007_007,50508, T,38.983333,-74.811389,1183.3,5,282.292,1.203,970.648445,0.848,251,0.002,106.556,9.753,253.951,250.546,128.892,0.106,0, IC,0.291757,0.018235,0.042467,0.02185,15420.777,2181.868,3969.004,21571.649,21571.649,1.027053,22.155225,3.693,20564.258
ABC007_007,50518, T,38.976944,-74.82,1133.3,0,282.302,1.203,972.418649,0.555,254,90,106.488,9.792,244.627,248.383,127.779,-0.018,0, IC,0.288335,0.018235,0.042467,0.021766,15096.65,-376.446,-2352.853,12367.35,12367.35,1.029462,12.731718,2.122,20562.136
ABC007_007,50528, T,38.967222,-74.833333,1083.3,-5,282.316,1.203,974.191466,0.853,255,0.002,106.39,9.849,257.952,254.177,130.76,0.168,0, IC,0.284169,0.018235,0.042467,0.021664,15734.826,3452.339,-2343.384,16843.78,16843.78,1.03248,17.390868,2.898,20559.238
ABC007_007,50538, T,38.960833,-74.8425,1100,0,282.325,1.203,973.600237,0.574,254,90,106.328,9.885,244.529,248.987,128.09,-0.105,0, IC,0.283456,0.018235,0.042467,0.021647,15086.383,-2150.131,784.093,13720.345,13720.345,1.032982,14.172875,2.362,20556.876
ABC007_007,50548, T,38.951944,-74.856389,1183.3,5,282.336,1.203,970.648445,0.839,252,0.002,106.248,9.933,254.957,250.982,129.116,0.025,0, IC,0.287069,0.018235,0.042467,0.021735,15390.449,508.607,3951.125,19850.181,19850.181,1.030327,20.452172,3.409,20553.467
ABC007_007,50558, T,38.946667,-74.866389,1216.7,5,282.343,1.203,969.46976,0.564,250,90,106.203,9.96,240.452,244.607,125.837,-0.195,0, IC,0.292124,0.018235,0.042467,0.021859,14701.826,-3999.437,1592.83,12295.218,12295.218,1.026686,12.623326,2.104,20551.363
ABC007_007,50568, T,38.940278,-74.8825,1116.7,-5,282.35,1.203,973.009298,0.844,253,0.002,106.153,9.99,255.959,250.957,129.103,0.146,0, IC,0.292132,0.018235,0.042467,0.021859,15474.718,2995.937,-4721.344,13749.312,13749.312,1.026665,14.115932,2.353,20549.011
ABC007_007,50578, T,38.936944,-74.893611,1083.3,-5,282.354,1.203,974.191466,0.556,254,90,106.131,10.003,244.407,248.917,128.054,-0.014,0, IC,0.287087,0.018235,0.042467,0.021735,15137.558,-296.598,-1567.406,13273.555,13273.555,1.030247,13.675037,2.279,20546.731
ABC007_007,50588, T,38.9325,-74.910833,1183.3,5,282.357,1.203,970.648445,0.847,249,0.002,106.112,10.015,251.963,248.778,127.982,-0.007,0, IC,0.289577,0.018235,0.042467,0.021796,15162.962,-146.434,4796.107,19812.635,19812.635,1.028436,20.376024,3.396,20543.335
ABC007_007,50598, T,38.93,-74.921944,1300,10,282.357,1.203,966.528116,0.54,245,90,106.108,10.018,235.392,239.413,123.165,-0.386,0, IC,0.300913,0.018235,0.042467,0.02208,14225.917,-7937.473,5685.873,11974.317,11974.317,1.020536,12.220217,2.037,20541.299
ABC007_007,50608, T,38.9275,-74.939444,1233.3,0,282.356,1.203,968.880852,0.83,247,0.002,106.114,10.014,249.964,244.774,125.922,0.07,0, IC,0.305879,0.018235,0.042467,0.022208,14956.374,1446.273,-3222.442,13180.204,13180.204,1.017207,13.406994,2.234,20539.064
ABC007_007,50618, T,38.927222,-74.951111,1183.3,-5,282.354,1.203,970.648445,0.545,243,90,106.129,10.005,233.406,238.594,122.743,-0.093,0, IC,0.30688,0.018235,0.042467,0.022234,14227.551,-1903.592,-2456.348,9867.611,9867.611,1.016526,10.030687,1.672,20537.392
ABC007_007,50628, T,38.930556,-74.967222,1200,0,282.285,1.203,970.058957,0.778,233,0.002,105.666,10.518,236.057,232.855,119.791,-0.295,0, IC,0.322486,0.018235,0.042467,0.022651,13808.976,-6063.233,853.854,8599.597,8599.597,1.006619,8.656521,1.443,20535.95
ABC007_007,50638, T,38.935278,-74.975833,1116.7,-5,282.273,1.203,973.009298,0.492,222,90,105.67,10.533,211.877,216.349,111.3,-0.753,0, IC,0.355177,0.018235,0.042467,0.023592,12416.236,-15464.934,-4480.496,-7529.193,-7529.193,0.988128,8.189325,1.365,20534.585
ABC007_007,50648, T,38.946111,-74.981667,1083.3,-5,282.259,1.203,974.191466,0.705,210,0,105.674,10.552,213.093,208.86,107.447,-0.385,0, IC,0.396348,0.018235,0.042467,0.024906,12216.661,-7910.907,-1894.484,2411.27,2411.27,0.968181,8.190095,1.365,20533.22
ABC007_007,50658, T,38.953889,-74.981389,1183.3,5,282.254,1.203,970.648445,0.467,205,90,105.676,10.559,194.855,198.097,101.91,-0.448,0, IC,0.43266,0.018235,0.042467,0.026185,11554.29,-9205.368,5821.685,8170.607,8170.607,0.953009,8.187786,1.365,20531.855
ABC007_007,50668, T,38.965278,-74.978611,1133.3,0,282.318,1.203,972.418649,0.696,207,180,106.377,9.857,204.44,199.802,102.787,0.02,0, IC,0.452656,0.018235,0.042467,0.026936,12088.797,415.598,-2882.527,9621.868,9621.868,0.94548,9.097282,1.516,20530.339
ABC007_007,50678, T,38.9725,-74.975278,1083.3,-5,282.312,1.203,974.191466,0.46,204,90,106.418,9.832,194.588,197.828,101.771,-0.032,0, IC,0.453226,0.018235,0.042467,0.026958,11860.92,-664.385,-2924.701,8271.835,8271.835,0.945256,8.190095,1.365,20528.974
ABC007_007,50688, T,38.981111,-74.965833,1100,0,282.304,1.203,973.600237,0.679,201,180,106.469,9.803,198.444,196.159,100.913,-0.086,0, IC,0.461604,0.018235,0.042467,0.027284,11802.804,-1762.067,989.385,11030.122,11030.122,0.942227,10.392882,1.732,20527.242
ABC007_007,50698, T,38.985,-74.9575,1100,0,282.301,1.203,973.600237,0.453,199,90,106.492,9.789,189.634,191.745,98.642,-0.201,0, IC,0.47615,0.018235,0.042467,0.027863,11517.104,-4124.557,0,7392.547,7392.547,0.937171,8.18971,1.365,20525.877
ABC007_007,50708, T,38.988056,-74.943889,1100,0,282.298,1.203,973.600237,0.661,204,179.997,106.512,9.778,201.439,198.003,101.862,0.207,0, IC,0.471619,0.018235,0.042467,0.027681,12200.922,4246.738,0,16447.659,16447.659,0.938703,15.439473,2.573,20523.304
ABC007_007,50718, T,38.9875,-74.934167,1100,0,282.299,1.203,973.600237,0.455,207,90,106.507,9.781,197.642,200.242,103.013,0.115,0, IC,0.451653,0.018235,0.042467,0.026898,12125.473,2363.914,0,14489.387,14489.387,0.945767,13.70358,2.284,20521.02
ABC007_007,50728, T,38.984722,-74.919722,1183.3,5,282.302,1.203,970.648445,0.694,203,179.997,106.485,9.794,200.441,199.341,102.55,-0.046,0, IC,0.448588,0.018235,0.042467,0.026781,11964.148,-950.884,4896.29,15909.554,15909.554,0.946879,15.064425,2.511,20518.509
ABC007_007,50738, T,38.983056,-74.910278,1133.3,0,282.304,1.203,972.418649,0.452,210,90,106.472,9.801,200.62,201.057,103.433,0.039,0, IC,0.446712,0.018235,0.042467,0.026709,12138.488,798.38,-2839.501,10097.367,10097.367,0.947557,9.567827,1.595,20516.914
ABC007_007,50748, T,38.980556,-74.895556,1083.3,-5,282.306,1.203,974.191466,0.703,209,179.997,106.455,9.811,206.435,205.496,105.716,0.227,0, IC,0.433259,0.018235,0.042467,0.026207,12441.617,4666.466,-2852.865,14255.218,14255.218,0.952673,13.580559,2.263,20514.651
ABC007_007,50758, T,38.978889,-74.886111,1183.3,5,282.308,1.203,970.648445,0.452,206,90,106.444,9.817,196.604,199.212,102.483,-0.208,0, IC,0.437174,0.018235,0.042467,0.026351,11756.779,-4267.091,5788.185,13277.872,13277.872,0.951139,12.6291,2.105,20512.546
ABC007_007,50768, T,38.976389,-74.871667,1133.3,0,282.31,1.203,972.418649,0.69,207,179.997,106.431,9.825,204.438,201.494,103.657,0.035,0, IC,0.445907,0.018235,0.042467,0.026679,12177.099,711.869,-2879.816,10009.152,10009.152,0.947812,9.486794,1.581,20510.965
ABC007_007,50778, T,38.975,-74.861667,1083.3,-5,282.31,1.203,974.191466,0.474,207,90,106.426,9.828,197.593,200.039,102.909,-0.022,0, IC,0.444038,0.018235,0.042467,0.026608,11970.13,-452.831,-2879.594,8637.705,8637.705,0.9485,8.192862,1.365,20509.599
ABC007_007,50788, T,38.975833,-74.8475,1183.3,5,282.308,1.203,970.648445,0.663,199,179.997,106.446,9.816,196.446,195.496,100.572,-0.234,0, IC,0.45757,0.018235,0.042467,0.027126,11655.366,-4793.162,5990.314,12852.518,12852.518,0.943515,12.126539,2.021,20507.578
ABC007_007,50798, T,38.9775,-74.838333,1216.7,5,282.304,1.203,969.46976,0.439,200,90,106.47,9.802,190.62,191.4,98.465,-0.211,0, IC,0.47818,0.018235,0.042467,0.027945,11509.483,-4321.708,1986.592,9174.366,9174.366,0.936333,8.590263,1.432,20506.147
ABC007_007,50808, T,38.980278,-74.824444,1116.7,-5,282.298,1.203,973.009298,0.669,201,179.997,106.511,9.779,198.442,196.167,100.917,0.173,0, IC,0.476482,0.018235,0.042467,0.027877,12060.46,3549.308,-5929.71,9680.058,9680.058,0.936891,9.069159,1.512,20504.635
ABC007_007,50818, T,38.983056,-74.815556,1083.3,-5,282.293,1.203,974.191466,0.447,198,90,106.548,9.757,188.667,191.6,98.568,-0.079,0, IC,0.475947,0.018235,0.042467,0.027855,11496.66,-1618.498,-2006.37,7871.792,7871.792,0.937057,8.190095,1.365,20503.27
ABC007_007,50828, T,38.989722,-74.805,1100,0,282.282,1.203,973.600237,0.634,198,180,106.623,9.714,195.443,192.684,99.125,-0.008,0, IC,0.484563,0.018235,0.042467,0.028206,11774.313,-173.501,1003.118,12603.931,12603.931,0.934162,11.774111,1.962,20501.308
ABC007_007,50838, T,38.995278,-74.798333,1100,0,282.274,1.203,973.600237,0.456,200,90,106.685,9.679,190.749,192.66,99.113,0.028,0, IC,0.48184,0.018235,0.042467,0.028095,11725.073,568.721,0,12293.794,12293.794,0.935043,11.495228,1.916,20499.392
ABC007_007,50848, T,39.003333,-74.788611,1100,0,282.261,1.203,973.600237,0.663,199,180,106.778,9.627,196.437,194.707,100.166,0.078,0, IC,0.476755,0.018235,0.042467,0.027888,11887.823,1599.589,0,13487.412,13487.412,0.936724,12.633989,2.106,20497.286
ABC007_007,50858, T,39.009167,-74.783056,1100,0,282.252,1.203,973.600237,0.435,201,90,106.845,9.59,191.842,193.556,99.574,-0.014,0, IC,0.474494,0.018235,0.042467,0.027796,11709.578,-287.908,0,11421.669,11421.669,0.937469,10.70746,1.785,20495.502
ABC007_007,50868, T,39.018889,-74.775833,1100,0,282.082,1.204,973.600237,0.674,200,180,105.513,8.637,197.865,196.095,100.88,0.072,0, IC,0.470792,0.018235,0.042467,0.027648,11961.853,1467.002,0,13428.855,13428.855,0.938623,12.604631,2.101,20493.401
ABC007_007,50878, T,39.025278,-74.771389,1100,0,282.086,1.204,973.600237,0.436,200,90,105.459,8.619,191.707,193.737,99.667,-0.048,0, IC,0.470313,0.018235,0.042467,0.027628,11667.633,-977.027,0,10690.607,10690.607,0.938774,10.03606,1.673,20491.728
ABC007_007,50888, T,39.035278,-74.764444,1100,0,282.093,1.204,973.600237,0.682,201,180,105.378,8.592,198.894,196.67,101.176,0.064,0, IC,0.468902,0.018235,0.042467,0.027572,11998.781,1301.599,0,13300.381,13300.381,0.939251,12.492401,2.082,20489.646
ABC007_007,50898, T,39.041667,-74.759444,1100,0,282.097,1.204,973.600237,0.449,199,90,105.33,8.576,190.743,193.299,99.442,-0.074,0, IC,0.469914,0.018235,0.042467,0.027613,11607.823,-1516.121,0,10091.702,10091.702,0.938887,9.47497,1.579,20488.067
ABC007_007,50908, T,39.050556,-74.751111,1100,0,282.102,1.204,973.600237,0.66,199,180,105.267,8.555,196.92,194.532,100.076,0.017,0, IC,0.475081,0.018235,0.042467,0.02782,11844.443,341.546,0,12185.989,12185.989,0.93711,11.419616,1.903,20486.164
ABC007_007,50918, T,39.056667,-74.745556,1100,0,282.105,1.204,973.600237,0.449,200,90,105.227,8.542,191.771,193.659,99.627,-0.016,0, IC,0.474162,0.018235,0.042467,0.027783,11722.576,-331.099,0,11391.477,11391.477,0.937409,10.678476,1.78,20484.384
ABC007_007,50928, T,39.065833,-74.7375,1100,0,282.11,1.204,973.600237,0.666,200,180,105.172,8.524,197.94,196.054,100.859,0.077,0, IC,0.470433,0.018235,0.042467,0.027633,11949.441,1579.869,0,13529.31,13529.31,0.938674,12.699613,2.117,20482.267
ABC007_007,50938, T,39.071944,-74.732222,1100,0,282.112,1.204,973.600237,0.441,199,90,105.138,8.513,190.795,193.014,99.295,-0.082,0, IC,0.471949,0.018235,0.042467,0.027694,11607.121,-1674.261,0,9932.86,9932.86,0.938138,9.318397,1.553,20480.714
ABC007_007,50948, T,39.081111,-74.724444,1100,0,282.116,1.204,973.600237,0.659,199,180,105.092,8.498,196.958,194.74,100.183,0.001,0, IC,0.475122,0.018235,0.042467,0.027822,11869.924,27.423,0,11897.348,11897.348,0.937047,11.14837,1.858,20478.856
ABC007_007,50958, T,39.087222,-74.718889,1100,0,282.118,1.204,973.600237,0.449,199,90,105.065,8.489,190.815,192.866,99.219,-0.025,0, IC,0.475445,0.018235,0.042467,0.027835,11647.941,-505.536,0,11142.405,11142.405,0.936924,10.439581,1.74,20477.116
ABC007_007,50968, T,39.096111,-74.710278,1183.3,5,282.146,1.204,970.648445,0.667,197,180,105.548,8.126,194.979,193.261,99.422,-0.005,0, IC,0.479101,0.018235,0.042467,0.027983,11756.811,-99.217,5034.621,16692.215,16692.215,0.935694,15.618804,2.603,20474.513
ABC007_007,50978, T,39.102222,-74.705,1133.3,0,282.146,1.204,972.418649,0.441,200,90,105.548,8.126,192.183,193.343,99.464,0.004,0, IC,0.477858,0.018235,0.042467,0.027932,11745.57,86.427,-2975.083,8856.914,8856.914,0.93609,8.290872,1.382,20473.131
ABC007_007,50988, T,39.111944,-74.698056,1000,-10,282.146,1.204,977.151978,0.667,207,180,105.544,8.127,204.972,202.374,104.11,0.385,0, IC,0.456071,0.018235,0.042467,0.027068,12470.389,7886.068,-7664.753,12691.705,12691.705,0.943666,11.976729,1.996,20471.135
ABC007_007,50998, T,39.119167,-74.695,1066.7,0,282.146,1.204,974.782987,0.456,203,90,105.529,8.129,195.18,198.943,102.345,-0.085,0, IC,0.443389,0.018235,0.042467,0.026584,11835.418,-1734.507,3907.51,14008.421,14008.421,0.948321,13.284478,2.214,20468.921
ABC007_007,51008, T,39.13,-74.691111,1116.7,5,282.146,1.204,973.009298,0.675,202,180,105.506,8.133,199.979,197.547,101.627,-0.072,0, IC,0.454203,0.018235,0.042467,0.026996,11850.862,-1469.634,2944.822,13326.051,13326.051,0.944308,12.583902,2.097,20466.824
ABC007_007,51018, T,39.137222,-74.688056,1100,0,282.146,1.204,973.600237,0.456,203,90,105.499,8.134,195.174,196.775,101.23,-0.028,0, IC,0.459164,0.018235,0.042467,0.027188,11842.175,-565.535,-976.672,10299.969,10299.969,0.942506,9.707783,1.618,20465.206
ABC007_007,51028, T,39.1475,-74.681667,1100,0,282.146,1.204,973.600237,0.685,199,180,105.513,8.132,196.981,195.879,100.769,-0.04,0, IC,0.463038,0.018235,0.042467,0.02734,11800.072,-812.225,0,10987.847,10987.847,0.941119,10.340873,1.723,20463.482
ABC007_007,51038, T,39.153333,-74.676111,1100,0,282.146,1.204,973.600237,0.435,199,90,105.543,8.127,191.182,192.45,99.005,-0.156,0, IC,0.473368,0.018235,0.042467,0.027751,11561.731,-3186.944,0,8374.787,8374.787,0.937524,8.18971,1.365,20462.117
ABC007_007,51048, T,39.162222,-74.6675,1100,0,282.145,1.204,973.600237,0.667,200,180,105.6,8.119,197.971,195.873,100.766,0.096,0, IC,0.473349,0.018235,0.042467,0.02775,11976.409,1956.945,0,13933.354,13933.354,0.937519,13.062789,2.177,20459.94
ABC007_007,51058, T,39.168611,-74.6625,1100,0,282.144,1.204,973.600237,0.448,201,90,105.634,8.114,193.199,195.126,100.381,0.009,0, IC,0.466842,0.018235,0.042467,0.02749,11773.914,179.941,0,11953.855,11953.855,0.939744,11.233558,1.872,20458.068
ABC007_007,51068, T,39.178611,-74.655556,1100,0,282.143,1.204,973.600237,0.681,203,180,105.686,8.106,200.96,198.871,102.308,0.118,0, IC,0.459721,0.018235,0.042467,0.02721,12105.638,2422.158,0,14527.796,14527.796,0.942235,13.688605,2.281,20455.786
ABC007_007,51078, T,39.185,-74.650833,1100,0,282.142,1.204,973.600237,0.442,198,90,105.726,8.1,190.216,193.3,99.442,-0.168,0, IC,0.463959,0.018235,0.042467,0.027376,11506.775,-3440.721,0,8066.053,8066.053,0.940718,8.18971,1.365,20454.422
ABC007_007,51088, T,39.194444,-74.643889,1100,0,282.141,1.204,973.600237,0.652,196,180,105.789,8.091,193.955,191.541,98.537,-0.09,0, IC,0.481767,0.018235,0.042467,0.028092,11593.532,-1850.958,0,9742.575,9742.575,0.934624,9.105648,1.518,20452.904
ABC007_007,51098, T,39.200556,-74.638611,1100,0,282.14,1.204,973.600237,0.441,193,90,105.842,8.083,185.237,187.313,96.362,-0.164,0, IC,0.497075,0.018235,0.042467,0.028728,11338.575,-3346.937,0,7991.638,7991.638,0.929648,8.18971,1.365,20451.539
ABC007_007,51108, T,39.209167,-74.630833,1100,0,282.139,1.204,973.600237,0.631,191,180,105.922,8.071,188.945,186.874,96.136,-0.023,0, IC,0.509514,0.018235,0.042467,0.02926,11494.448,-461.776,0,11032.672,11032.672,0.925769,10.213702,1.702,20449.837
ABC007_007,51118, T,39.215,-74.625556,1100,0,282.138,1.204,973.600237,0.427,192,90,105.978,8.063,184.262,185.66,95.512,-0.023,0, IC,0.514001,0.018235,0.042467,0.029455,11421.251,-476.916,0,10944.335,10944.335,0.924395,10.116884,1.686,20448.151
ABC007_007,51128, T,39.224167,-74.618333,1100,0,282.136,1.204,973.600237,0.644,190,180,106.055,8.052,187.932,186.54,95.964,0.021,0, IC,0.51488,0.018235,0.042467,0.029493,11544.833,422.512,0,11967.345,11967.345,0.924117,11.059224,1.843,20446.307
ABC007_007,51138, T,39.23,-74.613333,1100,0,282.135,1.204,973.600237,0.42,187,90,106.109,8.044,179.285,181.338,93.289,-0.198,0, IC,0.526999,0.018235,0.042467,0.030029,11108.355,-4038.173,0,7070.182,7070.182,0.920524,8.18971,1.365,20444.942
ABC007_007,51148, T,39.238611,-74.605556,1100,0,282.134,1.204,973.600237,0.631,188,180,106.192,8.032,185.92,183.373,94.335,0.048,0, IC,0.536152,0.018235,0.042467,0.030443,11515.429,972.886,0,12488.315,12488.315,0.917892,11.462921,1.91,20443.032
ABC007_007,51158, T,39.244167,-74.600556,1100,0,282.133,1.204,973.600237,0.406,186,90,106.245,8.025,178.31,180.684,92.952,-0.036,0, IC,0.538029,0.018235,0.042467,0.030528,11211.635,-731.793,0,10479.842,10479.842,0.917348,9.613659,1.602,20441.43
ABC007_007,51168, T,39.252222,-74.591944,1100,0,282.131,1.204,973.600237,0.627,186,180,106.335,8.012,183.907,181.706,93.478,0.016,0, IC,0.542946,0.018235,0.042467,0.030754,11422.725,335.621,0,11758.347,11758.347,0.915962,10.770197,1.795,20439.635
ABC007_007,51178, T,39.257222,-74.585833,1100,0,282.13,1.204,973.600237,0.413,184,90,106.398,8.003,176.337,178.532,91.845,-0.096,0, IC,0.549402,0.018235,0.042467,0.031053,11134.545,-1952.011,0,9182.534,9182.534,0.914173,8.394423,1.399,20438.236
ABC007_007,51188, T,39.263889,-74.575833,1100,0,282.128,1.204,973.600237,0.613,183,180,106.5,7.989,180.893,178.872,92.02,-0.016,0, IC,0.558107,0.018235,0.042467,0.031463,11324.503,-317.563,0,11006.94,11006.94,0.911817,10.036317,1.673,20436.563
ABC007_007,51198, T,39.268611,-74.569167,1100,0,282.127,1.204,973.600237,0.42,184,90,106.565,7.979,176.366,177.88,91.51,-0.009,0, IC,0.560099,0.018235,0.042467,0.031557,11232.967,-193.419,0,11039.547,11039.547,0.911276,10.060072,1.677,20434.886
ABC007_007,51208, T,39.275556,-74.559444,1016.7,-5,282.125,1.204,976.559293,0.614,188,180,106.657,7.966,185.873,183.534,94.418,0.222,0, IC,0.545694,0.018235,0.042467,0.030881,11702.13,4545.858,-5264.76,10983.227,10983.227,0.915151,10.051313,1.675,20433.211
ABC007_007,51218, T,39.280278,-74.552778,900,-10,282.078,1.204,980.714204,0.42,191,90,108.72,7.603,183.815,185.742,95.554,0.114,0, IC,0.522567,0.018235,0.042467,0.029832,11580.322,2321.208,-7254.3,6647.23,6647.23,0.921687,8.194326,1.366,20431.845
ABC007_007,51228, T,39.2875,-74.542778,800,-10,282.176,1.211,984.286939,0.635,192,180,102.846,8.191,190.347,188.915,97.186,0.125,0, IC,0.504761,0.018235,0.042467,0.029055,11733.673,2562.025,-6185.173,8110.525,8110.525,0.926159,8.196634,1.366,20430.479
ABC007_007,51238, T,39.292222,-74.536111,783.3,-5,282.177,1.211,984.883418,0.42,191,90,102.948,8.179,183.039,185.345,95.35,-0.118,0, IC,0.505869,0.018235,0.042467,0.029102,11311.352,-2401.972,-1036.19,7873.19,7873.19,0.925829,8.197019,1.366,20429.113
ABC007_007,51248, T,39.3,-74.526667,800,0,282.178,1.211,984.286939,0.64,192,180,103.074,8.164,190.32,187.888,96.658,0.021,0, IC,0.508708,0.018235,0.042467,0.029225,11670.751,420.806,1030.724,13122.281,13122.281,0.924975,12.137789,2.023,20427.09
ABC007_007,51258, T,39.305,-74.519722,800,0,282.178,1.211,984.286939,0.44,194,90,103.161,8.153,186.07,187.992,96.711,0.005,0, IC,0.501578,0.018235,0.042467,0.028919,11560.006,109.022,0,11669.028,11669.028,0.927176,10.819237,1.803,20425.287
ABC007_007,51268, T,39.311944,-74.509444,716.7,-5,282.023,1.211,987.272263,0.633,195,180,106.202,7.668,193.001,191.138,98.33,0.115,0, IC,0.492674,0.018235,0.042467,0.028543,11801.937,2345.618,-5073.385,9074.17,9074.17,0.929877,8.43786,1.406,20423.88
ABC007_007,51278, T,39.316944,-74.502222,683.3,-5,282.018,1.212,988.468444,0.45,195,90,106.16,7.667,187.648,189.695,97.588,-0.009,0, IC,0.488157,0.018235,0.042467,0.028355,11549.874,-179.522,-2029.214,9341.138,9341.138,0.931293,8.699332,1.45,20422.431
ABC007_007,51288, T,39.323611,-74.491389,700,0,282.011,1.212,987.870207,0.643,195,180,106.099,7.667,193.015,191.228,98.376,0.014,0, IC,0.487765,0.018235,0.042467,0.028339,11733.596,285.923,1014.535,13034.054,13034.054,0.931368,12.139495,2.023,20420.407
ABC007_007,51298, T,39.327778,-74.483611,700,0,282.006,1.212,987.870207,0.439,194,90,106.056,7.667,186.644,188.6,97.024,-0.074,0, IC,0.490443,0.018235,0.042467,0.02845,11460.252,-1510.908,0,9949.344,9949.344,0.930458,9.257442,1.543,20418.864
ABC007_007,51308, T,39.333056,-74.471389,700,0,282.051,1.212,987.870207,0.65,195,180,105.513,6.837,193.284,191.115,98.318,0.05,0, IC,0.490705,0.018235,0.042467,0.028461,11772.257,1013.279,0,12785.536,12785.536,0.930364,11.895203,1.983,20416.882
ABC007_007,51318, T,39.336667,-74.463056,616.7,-5,282.054,1.212,990.864327,0.443,193,90,105.559,6.813,186.446,188.692,97.072,-0.038,0, IC,0.490511,0.018235,0.042467,0.028453,11470.223,-780.597,-5123.849,5565.777,5565.777,0.93044,8.200866,1.367,20415.515
ABC007_007,51328, T,39.341667,-74.451389,750,5,282.059,1.211,986.077255,0.619,184,180,105.627,6.778,182.291,181.844,93.549,-0.352,0, IC,0.515469,0.018235,0.042467,0.029519,11048.995,-7192.37,8598.58,12455.205,12455.205,0.922733,11.492832,1.915,20413.6
ABC007_007,51338, T,39.344722,-74.443611,833.3,10,282.062,1.211,983.094858,0.405,184,90,105.672,6.755,177.505,177.61,91.371,-0.218,0, IC,0.547786,0.018235,0.042467,0.030978,11059.65,-4445.806,5373.608,11987.452,11987.452,0.913522,10.950795,1.825,20411.774
ABC007_007,51348, T,39.349444,-74.431944,716.7,-5,282.066,1.211,987.272263,0.611,185,180,105.743,6.719,183.291,181.529,93.387,0.154,0, IC,0.548849,0.018235,0.042467,0.031028,11568.327,3145.777,-7481.718,7232.385,7232.385,0.91326,8.198558,1.366,20410.408
ABC007_007,51358, T,39.353611,-74.425,600,-10,282.07,1.211,991.464032,0.408,189,90,105.801,6.69,182.572,183.656,94.481,0.109,0, IC,0.530911,0.018235,0.042467,0.030205,11524.493,2233.008,-7322.884,6434.616,6434.616,0.918285,8.201251,1.367,20409.041
ABC007_007,51368, T,39.360556,-74.414722,666.7,0,282.077,1.21,989.066975,0.633,182,180,105.897,6.643,180.294,180.553,92.885,-0.13,0, IC,0.533918,0.018235,0.042467,0.030341,11184.501,-2655.812,4345.157,12873.845,12873.845,0.917474,11.81142,1.969,20407.073
ABC007_007,51378, T,39.364722,-74.408333,800,10,282.08,1.21,984.286939,0.388,174,90,105.956,6.614,167.651,169.378,87.136,-0.551,0, IC,0.578449,0.018235,0.042467,0.032445,10522.901,-11234.564,9088.991,8377.328,8377.328,0.905606,8.196634,1.366,20405.706
ABC007_007,51388, T,39.371667,-74.399722,733.3,0,282.086,1.21,986.674613,0.577,170,180,106.05,6.569,168.302,166.087,85.442,-0.169,0, IC,0.629593,0.018235,0.042467,0.035068,10932.305,-3455.385,-4651.114,2825.807,2825.807,0.89358,8.198173,1.366,20404.34
ABC007_007,51398, T,39.377222,-74.396667,766.7,0,282.09,1.209,985.48019,0.362,167,90,106.114,6.538,160.729,162.1,83.391,-0.132,0, IC,0.65794,0.018235,0.042467,0.036618,10871.464,-2683.885,2367.175,10554.754,10554.754,0.88753,9.367658,1.561,20402.779
ABC007_007,51408, T,39.386389,-74.399722,733.3,0,282.095,1.209,986.674613,0.568,177,0,106.193,6.501,178.922,174.628,89.836,0.497,0, IC,0.625116,0.018235,0.042467,0.03483,11997.136,10138.652,-2233.265,19902.523,19902.523,0.89463,17.805385,2.968,20399.811
ABC007_007,51418, T,39.391944,-74.404444,683.3,-5,282.097,1.209,988.468444,0.399,181,90,106.228,6.485,174.783,178.505,91.831,0.199,0, IC,0.568374,0.018235,0.042467,0.031954,11499.269,4069.13,-3275.39,12293.009,12293.009,0.908266,11.165327,1.861,20397.95
ABC007_007,51428, T,39.4,-74.411944,700,0,282.1,1.209,987.870207,0.595,180,0,106.27,6.465,181.917,180.038,92.62,0.025,0, IC,0.551383,0.018235,0.042467,0.031146,11400.152,506.138,1097.762,13004.052,13004.052,0.912764,11.869633,1.978,20395.972
ABC007_007,51438, T,39.405556,-74.416944,700,0,282.102,1.208,987.870207,0.406,178,90,106.296,6.453,171.816,174.688,89.867,-0.236,0, IC,0.563309,0.018235,0.042467,0.03171,10926.228,-4819.614,0,6106.614,6106.614,0.909592,8.198943,1.366,20394.606
ABC007_007,51448, T,39.412778,-74.425556,783.3,5,282.074,1.209,984.883418,0.589,174,0,104.95,6.057,175.66,173.336,89.172,-0.07,0, IC,0.585123,0.018235,0.042467,0.032774,11119.603,-1419.132,5677.149,15377.62,15377.62,0.90402,13.901678,2.317,20392.289
ABC007_007,51458, T,39.416389,-74.4325,900,10,282.071,1.209,980.714204,0.388,169,90,104.859,6.061,163.149,165.875,85.334,-0.297,0, IC,0.615766,0.018235,0.042467,0.034337,10670.039,-6059.882,8182.227,12792.385,12792.385,0.896694,11.470854,1.912,20390.377
ABC007_007,51468, T,39.420833,-74.443056,916.7,5,282.065,1.209,980.11977,0.557,170,0,104.704,6.067,171.64,168.14,86.499,0.049,0, IC,0.634856,0.018235,0.042467,0.035351,11289.906,991.676,1161.905,13443.487,13443.487,0.892375,11.996631,1.999,20388.377
ABC007_007,51478, T,39.423889,-74.450556,816.7,-5,282.06,1.209,983.690752,0.393,173,90,104.584,6.072,167.131,169.297,87.094,0.06,0, IC,0.621865,0.018235,0.042467,0.034658,11223.522,1213.998,-6849.866,5587.655,5587.655,0.89522,8.19625,1.366,20387.011
ABC007_007,51488, T,39.428611,-74.461389,783.3,-5,282.053,1.21,984.883418,0.577,177,0,104.398,6.08,178.609,175.944,90.513,0.285,0, IC,0.593853,0.018235,0.042467,0.033211,11619.708,5817.978,-2231.539,15206.147,15206.147,0.901707,13.711489,2.285,20384.726
ABC007_007,51498, T,39.431667,-74.468889,716.7,-5,282.048,1.21,987.272263,0.393,179,90,104.259,6.085,173.109,175.938,90.51,0.052,0, IC,0.57146,0.018235,0.042467,0.032103,11233.715,1054.963,-4412.717,7875.96,7875.96,0.907227,8.198558,1.366,20383.36
ABC007_007,51508, T,39.436389,-74.480278,683.3,-5,282.039,1.21,988.468444,0.599,178,0,104.034,6.095,179.575,177.581,91.355,0.013,0, IC,0.56594,0.018235,0.042467,0.031837,11353.465,271.635,-2218.605,9406.495,9406.495,0.908588,8.546627,1.424,20381.935
ABC007_007,51518, T,39.439444,-74.487778,616.7,-5,282.033,1.211,990.864327,0.393,176,90,103.876,6.101,170.083,172.743,88.867,-0.179,0, IC,0.576126,0.018235,0.042467,0.032331,10912.716,-3652.341,-4487.319,2773.055,2773.055,0.905932,8.200866,1.367,20380.568
ABC007_007,51528, T,39.444167,-74.498889,583.3,-5,282.024,1.211,992.064031,0.588,169,0,103.627,6.112,170.544,168.885,86.882,-0.198,0, IC,0.605548,0.018235,0.042467,0.033807,10911.398,-4045.053,-2336.436,4529.909,4529.909,0.898703,8.201636,1.367,20379.202
ABC007_007,51538, T,39.446944,-74.505833,600,0,282.018,1.211,991.464032,0.362,162,90,103.463,6.119,156.055,158.547,81.564,-0.468,0, IC,0.658976,0.018235,0.042467,0.036676,10435.327,-9534.642,1218.615,2119.3,2119.3,0.886902,8.201251,1.367,20377.835
ABC007_007,51548, T,39.450833,-74.515833,433.3,-10,282.008,1.212,997.477263,0.519,151,0,103.215,6.13,152.518,150.693,77.523,-0.404,0, IC,0.738443,0.018235,0.042467,0.041392,10643.479,-8233.385,-13073.002,-10662.908,-10662.908,0.87178,8.205098,1.368,20376.467
ABC007_007,51558, T,39.453611,-74.521944,283.3,-15,282.002,1.212,1002.91439,0.329,142,90,103.054,6.137,136.028,139.588,71.81,-0.522,0, IC,0.837778,0.018235,0.042467,0.048041,10602.379,-10638.972,-12510.576,-12547.168,-12547.168,0.85602,8.20856,1.368,20375.099
ABC007_007,51568, T,39.4575,-74.530556,116.7,-15,281.958,1.212,1008.983766,0.462,133,0,106.609,5.57,134.698,135.151,69.528,-0.228,0, IC,0.935227,0.018235,0.042467,0.055379,11456.492,-4651.108,-14840.288,-8034.904,-8034.904,0.8431,8.212407,1.369,20373.73
ABC007_007,51578, T,39.459722,-74.536389,0,-15,281.964,1.212,1013.25,0.301,128,90,106.699,5.545,122.699,137.532,70.753,0.121,0, IC,0.949555,0.018235,0.042467,0.056526,12106.438,2469.42,-10793.266,3782.592,3782.592,0.841391,8.2151,1.369,20372.361
ABC007_007,51588, T,39.463056,-74.544167,0,-5,281.973,1.211,1013.25,0.412,121,0,106.82,5.514,122.709,137.549,70.761,0.001,0, IC,0.933318,0.018235,0.042467,0.055227,11827.334,17.484,0,11844.818,11844.818,0.843385,9.989737,1.665,20370.696
ABC007_007,51598, T,39.465,-74.549167,0,0,281.978,1.211,1013.25,0.259,118,90,106.897,5.494,112.755,137.578,70.776,-0.009,0, IC,0.93312,0.018235,0.042467,0.055212,11826.622,-176.677,0,11649.945,11649.945,0.843423,9.825831,1.638,20369.059
ABC008_008,47202, T,39.455,-74.570556,0,0,281.825,1.19,1013.25,0,133,0,111.68,5.415,135.094,138.805,71.408,0,0, TO,0,0,0,0,0,0,0,0,0,0,0,0,37273.894
ABC008_008,47212, T,39.4575,-74.576667,0,0,281.825,1.19,1013.25,0.32,148,90,111.681,5.415,142.982,140.894,72.482,0.054,0, TO,1.681673,0.018235,0.042467,0.138333,30529.455,2002.476,0,32531.93,32531.93,0.847224,27.561828,4.594,37269.3
ABC008_008,47222, T,39.461667,-74.585833,333.3,20,281.825,1.19,1001.099355,0.493,151,0,111.681,5.415,153.083,152.096,78.245,0.516,0, TO,1.53238,0.018235,0.042467,0.117955,30336.25,19232.747,47818.784,97387.78,97387.78,0.858272,83.585189,13.931,37255.369
ABC008_008,47223.429, I,39.462063,-74.586786,400,22.857,281.825,1.19,998.683446,0.05,152.429, ï¿½,0,0,153.497,153.939,79.193,0.655,0, TO,1.403997,0.018235,0.042467,0.101946,26858.37,24402.743,66294.083,117555.195,117555.195,0.869116,102.169112,2.433,37252.937
ABC008_008,47232, T,39.464444,-74.5925,800,40,281.825,1.19,984.286939,0.301,161,90,111.681,5.414,155.981,155.981,80.244,0.123,0, IC,1.368928,0.018235,0.042467,0.097817,26458.539,4565.784,62760.574,93784.897,93784.897,0.872346,81.812885,11.688,37241.249
ABC008_008,47242, T,39.469167,-74.602778,1200,40,281.825,1.19,970.058957,0.554,171,0,111.681,5.414,173.073,171.062,88.002,0.594,0, IC,1.228958,0.018235,0.042467,0.082374,26798.143,22110.389,50632.994,99541.526,99541.526,0.886579,88.251458,14.709,37226.541
ABC008_008,47252, T,39.472222,-74.61,1600,40,281.825,1.19,955.997987,0.381,180,90,111.682,5.414,174.98,177.511,91.32,0.332,0, IC,1.08141,0.018235,0.042467,0.067898,23785.468,12351.13,48082.347,84218.945,84218.945,0.904476,76.17403,12.696,37213.845
ABC008_008,47260.276, I,39.474291,-74.620575,2000,44.138,281.5,1.16,942.102523,0.505,182.483, ï¿½,0,0,183.394,182.034,93.646,0.218,0, IC,1.042047,0.018235,0.042467,0.064348,23114.327,8116.046,57289.488,88519.861,88519.861,0.913597,80.871469,11.155,37202.69
ABC008_008,47262, T,39.474722,-74.622778,2083.3,45,281.5,1.16,939.228329,0.105,183,0,112.931,5.343,185.147,185.147,95.248,0.666,0, CR_ASC,0.998858,0.018235,0.042467,0.060605,22520.717,24775.902,57110.438,104407.057,104407.057,0.919944,96.048693,2.76,37199.93
ABC008_008,47272, T,39.473333,-74.631111,2600,50,280.6,1.133,921.566387,0.395,187,90,108.842,6.192,181.151,181.326,93.282,-0.136,0, CR_ASC,1.026919,0.018235,0.042467,0.063019,21930.181,-5067.487,59738.794,76601.488,76601.488,0.919356,70.424021,11.737,37188.193
ABC008_008,47282, T,39.468333,-74.643333,3016.7,45,280.6,1.133,907.519652,0.641,195,0,108.841,6.193,197.087,193.765,99.681,0.313,0, CR_ASC,0.97997,0.018235,0.042467,0.059018,23452.128,11636.794,46185.4,81274.322,81274.322,0.926519,75.302234,12.55,37175.643
ABC008_008,47292, T,39.464167,-74.651111,3316.7,35,278.95,1.108,897.513771,0.439,211,90,108.84,6.193,205.149,206.461,106.213,0.653,0, CR_ASC,0.879509,0.018235,0.042467,0.051085,22547.819,24281.306,30721.525,77550.65,77550.65,0.947414,73.472537,12.245,37163.397
ABC008_008,47302, T,39.456389,-74.662778,3683.3,35,278.95,1.108,885.405877,0.714,221,0,108.601,7.934,223.657,221.916,114.163,0.774,0, CR_ASC,0.767463,0.018235,0.042467,0.043248,22053.535,28750.38,35837.694,86641.608,86641.608,0.970815,84.112939,14.019,37149.378
ABC008_008,47312, T,39.450833,-74.670556,4100,40,277.2,1.084,871.80782,0.491,230,90,115.989,9.78,221.251,224.736,115.614,0.145,0, CR_ASC,0.721574,0.018235,0.042467,0.040346,20635.284,5390.267,39116.317,65141.869,65141.869,0.986006,64.230292,10.705,37138.673
ABC008_008,47322, T,39.441944,-74.683333,4500,40,277.2,1.084,858.913281,0.797,242,0.002,115.991,9.78,246.443,241.843,124.415,0.649,0, CR_ASC,0.661069,0.018235,0.042467,0.036794,21791.96,24110.742,35679.314,81582.016,81582.016,1.002571,81.79174,13.632,37125.041
ABC008_008,47332, T,39.435833,-74.692222,4650,25,277.2,1.084,854.117836,0.551,258,90,115.991,9.781,249.246,252.977,130.143,0.573,0, CR_ASC,0.58755,0.018235,0.042467,0.032895,21318.285,21265.024,12545.385,55128.693,55128.693,1.026046,56.56458,9.427,37115.614
ABC008_008,47342, T,39.426389,-74.706389,4616.7,5,277.2,1.084,855.181613,0.867,265,0.002,115.991,9.78,269.429,266.532,137.116,0.625,0, CR_LVL,0.532895,0.018235,0.042467,0.030295,21793.318,23211.657,-2713.532,42291.443,42291.443,1.04657,44.260945,7.377,37108.237
ABC008_008,47352, T,39.419722,-74.715833,4600,0,277.2,1.084,855.713903,0.593,267,90,115.991,9.78,258.244,263.472,135.542,-0.076,0, CR_LVL,0.511896,0.018235,0.042467,0.029363,20640.855,-2813.268,-1346.336,16481.251,16481.251,1.055294,17.392569,2.899,37105.338
ABC008_008,47362, T,39.406667,-74.724167,4516.7,-5,277.2,1.084,858.37938,0.873,267,0,115.991,9.78,271.428,267.367,137.545,0.099,0, CR_LVL,0.510248,0.018235,0.042467,0.029291,21203.79,3684.683,-6731.152,18157.322,18157.322,1.055988,19.17391,3.196,37102.143
ABC008_008,47372, T,39.396944,-74.725556,4566.7,0,277.2,1.084,856.779288,0.587,271,90,115.991,9.78,262.244,265.972,136.828,-0.019,0, CR_LVL,0.505433,0.018235,0.042467,0.029084,20834.333,-715.072,3978.737,24097.998,24097.998,1.058066,25.497261,4.25,37097.893
ABC008_008,47382, T,39.381944,-74.723333,4616.7,5,277.2,1.084,855.181613,0.906,270,180,115.991,9.78,265.859,263.726,135.672,-0.116,0, CR_ASC,0.512347,0.018235,0.042467,0.029383,20694.416,-4286.291,3993.015,20401.141,20401.141,1.055039,21.523999,3.587,37094.306
ABC008_008,47392, T,39.372222,-74.721111,4766.7,10,277.2,1.084,850.403056,0.592,267,90,115.991,9.78,258.244,260.116,133.815,-0.181,0, CR_LVL,0.523815,0.018235,0.042467,0.029887,20477.502,-6725.624,12112.471,25864.349,25864.349,1.050171,27.161995,4.527,37089.779
ABC008_008,47402, T,39.357778,-74.716667,5083.3,25,275.9,1.057,840.385984,0.891,264,180,124.741,14.192,256.178,255.253,131.314,-0.25,0, CR_ASC,0.554635,0.018235,0.042467,0.031299,20146.878,-9278.542,25858.192,36726.528,36726.528,1.043128,38.310476,6.385,37083.394
ABC008_008,47412, T,39.348333,-74.713611,5316.7,25,275.9,1.057,833.066304,0.584,270,90,124.741,14.192,258.465,257.739,132.592,0.054,0, CR_ASC,0.559691,0.018235,0.042467,0.031538,20698.202,2007.446,18626.788,41332.436,41332.436,1.041152,43.033361,7.172,37076.222
ABC008_008,47422, T,39.333333,-74.708889,5416.7,15,275.9,1.057,829.945146,0.926,278,180,124.741,14.192,270.164,268.595,138.177,0.55,0, CR_ASC,0.531573,0.018235,0.042467,0.030235,21549.806,20381.965,7751.686,49683.457,49683.457,1.052243,52.279074,8.713,37067.508
ABC008_008,47432, T,39.323056,-74.706111,5666.7,20,275.9,1.057,822.183661,0.63,285,90,126.947,15.63,272.671,274.203,141.062,0.288,0, CR_ASC,0.499699,0.018235,0.042467,0.028839,21422.056,10693.355,18898.791,51014.202,51014.202,1.065929,54.377513,9.063,37058.445
ABC008_008,47442, T,39.3075,-74.702778,6000,30,274.825,1.03,811.926552,0.946,287,180,126.947,15.63,277.886,277.435,142.725,0.142,0, CR_ASC,0.496607,0.018235,0.042467,0.028708,21262.888,5248.427,25016.672,51527.987,51527.987,1.073277,55.303793,9.217,37049.228
ABC008_008,47452, T,39.296944,-74.703333,6383.3,35,274.825,1.03,800.259238,0.634,287,90,126.948,15.63,274.67,276.075,142.025,-0.051,0, CR_ASC,0.493133,0.018235,0.042467,0.028562,20947.786,-1887.915,28762.017,47821.888,47821.888,1.074833,51.400539,8.567,37040.661
ABC008_008,47462, T,39.282222,-74.711667,6633.3,30,274.025,1.001,792.723545,0.964,285,0.002,130.105,16.042,295.588,291.566,149.994,0.613,0, CR_ASC,0.482237,0.018235,0.042467,0.028111,22353.553,22708.697,18885.104,63947.353,63947.353,1.08658,69.48389,11.581,37029.081
ABC008_008,47472, T,39.274444,-74.721111,6633.3,10,274.025,1.001,792.723545,0.64,282,90,130.105,16.042,269.928,277.691,142.857,-0.318,0, CR_LVL,0.479353,0.018235,0.042467,0.027993,20191.731,-11757.503,0,8434.228,8434.228,1.087923,9.17579,1.529,37027.551
ABC008_008,47482, T,39.2675,-74.739167,6516.7,-5,274.025,1.001,796.233017,0.936,276,0.002,130.104,16.042,286.596,279.542,143.809,-0.098,0, CR_LVL,0.500241,0.018235,0.042467,0.028862,21096.995,-3632.793,-9097.209,8366.993,8366.993,1.077928,9.019012,1.503,37026.048
ABC008_008,47492, T,39.265556,-74.751944,6566.7,0,274.025,1.001,794.72742,0.605,271,90,130.104,16.042,258.936,266.324,137.009,-0.416,0, CR_LVL,0.52127,0.018235,0.042467,0.029774,19754.401,-15400.376,3970.576,8324.601,8324.601,1.068479,8.894659,1.482,37024.566
ABC008_008,47502, T,39.263333,-74.771389,6700,10,274.025,1.001,790.723763,0.913,274,0.002,130.105,16.042,284.598,275.711,141.838,0.16,0, CR_ASC,0.528644,0.018235,0.042467,0.030103,21405.198,5920.487,10471.855,37797.541,37797.541,1.065295,40.265522,6.711,37017.855
ABC008_008,47512, T,39.261667,-74.784444,6966.7,20,274.025,1.001,782.765445,0.615,280,90,130.106,16.042,267.93,274.985,141.464,0.103,0, CR_ASC,0.51206,0.018235,0.042467,0.02937,20773.895,3808.802,20491.202,45073.899,45073.899,1.072494,48.341486,8.057,37009.798
ABC008_008,47522, T,39.258611,-74.803889,7550,45,273.325,0.972,765.582633,0.922,279,0.002,134.933,15.615,290.239,283.742,145.97,0.282,0, CR_ASC,0.512335,0.018235,0.042467,0.029382,21479.406,10455.042,44975.375,76909.823,76909.823,1.07917,82.998767,13.833,36995.965
ABC008_008,47532, T,39.257222,-74.817222,8200,60,272.476,0.943,746.797201,0.625,276,90,142.329,15.016,267.088,274.665,141.3,-0.233,0, CR_ASC,0.52848,0.018235,0.042467,0.030096,20001.503,-8611.084,50641.216,62031.635,62031.635,1.078904,66.926165,11.154,36984.81
ABC008_008,47542, T,39.256389,-74.836667,8716.7,55,272.475,0.943,732.133002,0.905,275,0.002,142.337,15.015,287.033,279.85,143.967,0.129,0, CR_ASC,0.535779,0.018235,0.042467,0.030426,20990.839,4776.826,40387.469,66155.133,66155.133,1.075668,71.160984,11.86,36972.95
ABC008_008,47552, T,39.257222,-74.85,9200,50,271.251,0.915,718.626831,0.621,279,90,150.643,14.996,271.963,277.798,142.912,-0.013,0, CR_ASC,0.545736,0.018235,0.042467,0.030883,20374.463,-494.708,37228.209,57107.963,57107.963,1.078273,61.577991,10.263,36962.687
ABC008_008,47562, T,39.258333,-74.87,9616.7,45,271.25,0.915,707.146183,0.932,285,0.002,150.649,14.996,298.161,291.283,149.849,0.498,0, CR_ASC,0.523892,0.018235,0.042467,0.029891,21680.412,18424.38,31408.914,71513.706,71513.706,1.087777,77.790982,12.965,36949.722
ABC008_008,47572, T,39.259444,-74.883611,10000,40,269.776,0.888,696.715602,0.636,291,90,159.103,15.652,285.792,292.22,150.331,0.048,0, CR_ASC,0.513461,0.018235,0.042467,0.029431,20843.565,1780.011,28290.476,50914.052,50914.052,1.099765,55.993502,9.332,36940.39
ABC008_008,47582, T,39.26,-74.905,10316.7,35,269.775,0.888,688.193325,0.994,302,0.002,159.106,15.652,316.672,309.464,159.202,0.64,0, CR_ASC,0.482784,0.018235,0.042467,0.028133,22345.004,23630.331,22513.467,68488.802,68488.802,1.114878,76.356646,12.726,36927.664
ABC008_008,47592, T,39.260278,-74.919722,10516.7,25,269.775,0.888,682.854473,0.684,315,90,159.107,15.652,309.763,316.061,162.596,0.339,0, CR_ASC,0.446531,0.018235,0.042467,0.026702,22122.54,12534.293,13627.518,48284.35,48284.35,1.134697,54.788092,9.131,36918.532
ABC008_008,47602, T,39.260278,-74.9425,10700,20,269.775,0.888,677.990036,1.058,326,0.002,159.108,15.652,340.669,334.367,172.013,0.75,0, CR_ASC,0.412891,0.018235,0.042467,0.025475,23620.798,27690.197,12067.401,63378.397,63378.397,1.155398,73.227248,12.205,36906.328
ABC008_008,47612, T,39.26,-74.958333,10983.3,25,268.125,0.861,670.527497,0.736,335,90,165.547,16.83,331.201,337.93,173.846,0.183,0, CR_ASC,0.398472,0.018235,0.042467,0.024978,22936.073,6764.897,18142.586,47843.556,47843.556,1.173576,56.148037,9.358,36896.97
ABC008_008,47622, T,39.259167,-74.9825,11300,30,268.125,0.861,662.265873,1.124,344,0.003,165.547,16.83,360.322,353.89,182.057,0.588,0, CR_ASC,0.376206,0.018235,0.042467,0.024245,24416.009,21709.965,19741.498,65867.472,65867.472,1.189805,78.369461,13.062,36883.908
ABC008_008,47632, T,39.258333,-74.999167,11600,30,268.125,0.861,654.515299,0.776,351,90,165.548,16.83,347.182,354.226,182.229,0.017,0, CR_ASC,0.358963,0.018235,0.042467,0.023707,23919.12,636.62,18322.999,42878.738,42878.738,1.203352,51.598202,8.6,36875.309
ABC008_008,47642, T,39.257222,-75.024722,11900,30,267.575,0.846,646.838343,1.189,358,0.003,167.86,18.363,375.972,368.983,189.822,0.502,0, CR_ASC,0.3499,0.018235,0.042467,0.023434,25226.515,18495.621,17960.54,61682.675,61682.675,1.215898,74.999848,12.5,36862.809
ABC008_008,47652, T,39.256111,-75.041944,12200,30,266.825,0.832,639.23447,0.803,364,90,169.853,19.716,361.048,368.334,189.487,0.094,0, CR_ASC,0.342216,0.018235,0.042467,0.023208,24481.407,3482.13,17658.499,45622.037,45622.037,1.227626,56.006783,9.334,36853.474
ABC008_008,47662, T,39.255,-75.068056,12500,30,266.825,0.832,631.703145,1.215,373,0.003,169.853,19.716,392.423,384.706,197.91,0.564,0, CR_ASC,0.327993,0.018235,0.042467,0.022804,26240.257,20793.536,17228.059,64261.852,64261.852,1.240696,79.729394,13.288,36840.186
ABC008_008,47672, T,39.253889,-75.085833,12716.7,25,266.825,0.832,626.308675,0.829,381,90,169.853,19.716,378.025,385.654,198.397,0.049,0, CR_ASC,0.313299,0.018235,0.042467,0.022403,25906.785,1795.54,12176.835,39879.16,39879.16,1.255093,50.052053,8.342,36831.844
ABC008_008,47682, T,39.2525,-75.113333,12983.3,25,265.075,0.805,619.7206,1.28,387,0.003,173.55,22.09,408.958,401.403,206.499,0.551,0, CR_ASC,0.310277,0.018235,0.042467,0.022323,27046.518,20295.422,14751.178,62093.118,62093.118,1.268972,78.794429,13.132,36818.712
ABC008_008,47692, T,39.251667,-75.131667,13300,30,265.075,0.805,611.970268,0.853,393,90,173.551,22.091,391.135,399.261,205.398,0.03,0, CR_ASC,0.299716,0.018235,0.042467,0.02205,26430.529,1103.749,17243.439,44777.717,44777.717,1.280283,57.328162,9.555,36809.157
ABC008_008,47702, T,39.250278,-75.160278,13516.7,25,265.074,0.805,606.71278,1.332,400,0.003,173.552,22.091,421.959,413.851,212.903,0.454,0, CR_ASC,0.290537,0.018235,0.042467,0.02182,28100.866,16701.31,11588.667,56390.842,56390.842,1.290631,72.779785,12.13,36797.027
ABC008_008,47712, T,39.249444,-75.179444,13783.3,25,265.073,0.805,600.292299,0.892,404,90,173.556,22.094,402.12,410.564,211.212,-0.021,0, CR_ASC,0.282541,0.018235,0.042467,0.021625,27408.71,-763.621,14117.103,40762.193,40762.193,1.300027,52.991941,8.832,36788.195
ABC008_008,47722, T,39.247778,-75.208056,14183.3,35,263.327,0.777,590.764839,1.333,405,0.003,176.966,25.019,429.986,422.035,217.114,0.31,0, CR_ASC,0.286807,0.018235,0.042467,0.021728,28099.474,11415.45,21118.299,60633.223,60633.223,1.30683,79.237287,13.206,36774.989
ABC008_008,47732, T,39.246667,-75.2275,14683.3,45,263.316,0.777,579.028094,0.906,406,90,176.991,25.042,405.458,414.19,213.078,-0.111,0, CR_ASC,0.28429,0.018235,0.042467,0.021667,26982.113,-4097.571,26323.401,49207.943,49207.943,1.309844,64.45472,10.742,36764.246
ABC008_008,47742, T,39.245278,-75.256667,15116.7,45,261.755,0.754,569.009655,1.358,409,0.003,179.373,27.632,436.63,427.347,219.846,0.331,0, CR_ASC,0.289273,0.018235,0.042467,0.021789,28021.442,12174.716,22639.662,62835.821,62835.821,1.314259,82.582565,13.764,36750.482
ABC008_008,47752, T,39.244167,-75.276389,15416.7,35,261.382,0.75,562.156406,0.919,413,90,179.448,27.911,413.674,422.695,217.453,-0.073,0, CR_ASC,0.284985,0.018235,0.042467,0.021684,27132.119,-2679.849,15515.999,39968.269,39968.269,1.321329,52.81125,8.802,36741.681
ABC008_008,47762, T,39.242778,-75.305833,15700,30,261.372,0.749,555.745418,1.371,417,0.003,179.44,27.91,444.908,435.876,224.234,0.373,0, CR_ASC,0.279312,0.018235,0.042467,0.021548,28666.867,13686.857,14509.957,56863.681,56863.681,1.32842,75.538844,12.59,36729.091
ABC008_008,47772, T,39.241667,-75.325833,16000,30,261.371,0.749,549.021979,0.932,420,90,179.439,27.909,420.654,429.902,221.161,-0.149,0, CR_ASC,0.274589,0.018235,0.042467,0.021437,27742.454,-5464.78,15248.518,37526.191,37526.191,1.334411,50.075348,8.346,36720.745
ABC008_008,47782, T,39.24,-75.355556,16383.3,35,259.101,0.722,540.526931,1.385,423,0.003,180.42,30.117,453.116,443.663,228.24,0.374,0, CR_ASC,0.27974,0.018235,0.042467,0.021558,28642.843,13751.76,19341.635,61736.237,61736.237,1.340884,82.781117,13.797,36706.948
ABC008_008,47792, T,39.238889,-75.375833,16633.3,30,259.1,0.722,535.044263,0.945,427,90,180.42,30.118,428.281,437.831,225.24,-0.131,0, CR_ASC,0.274631,0.018235,0.042467,0.021438,27738.613,-4825.187,12491.25,35404.676,35404.676,1.347475,47.706906,7.951,36698.997
ABC008_008,47802, T,39.237222,-75.406667,16966.7,30,259.099,0.722,527.80418,1.436,427,0.003,180.42,30.118,457.117,448.172,230.56,0.225,0, CR_ASC,0.271787,0.018235,0.042467,0.021372,28974.676,8268.803,16651.392,53894.872,53894.872,1.351222,72.823957,12.137,36686.86
ABC008_008,47812, T,39.236111,-75.426944,17400,40,256.476,0.696,518.510889,0.945,428,90,180.402,31.43,429.372,438.803,225.74,-0.174,0, CR_ASC,0.281465,0.018235,0.042467,0.021599,27037.832,-6395.304,21589.091,42231.619,42231.619,1.35203,57.098428,9.516,36677.343
ABC008_008,47822, T,39.234722,-75.4575,17800,40,256.475,0.696,510.050508,1.422,430,0.003,180.402,31.43,461.429,451.462,232.252,0.293,0, CR_ASC,0.279318,0.018235,0.042467,0.021548,28552.461,10761.161,19830.556,59144.178,59144.178,1.354766,80.126499,13.354,36663.989
ABC008_008,47832, T,39.233333,-75.477778,18200,40,256.475,0.696,501.702266,0.946,432,90,180.402,31.43,433.362,443.382,228.096,-0.049,0, CR_ASC,0.276367,0.018235,0.042467,0.021479,27450.428,-1795.315,19731.561,45386.674,45386.674,1.358573,61.661096,10.277,36653.712
ABC008_008,47842, T,39.231389,-75.508611,18600,40,253.476,0.67,493.465023,1.438,434,0.003,180.51,30.912,464.911,454.975,234.059,0.25,0, CR_ASC,0.284841,0.018235,0.042467,0.021681,28079.583,9158.116,19635.127,56872.826,56872.826,1.361492,77.431909,12.905,36640.807
ABC008_008,47852, T,39.229722,-75.529167,18916.7,35,253.475,0.67,487.021844,0.961,436,90,180.51,30.912,437.369,447.217,230.068,-0.065,0, CR_ASC,0.282327,0.018235,0.042467,0.02162,27054.308,-2363.354,15467.723,40158.677,40158.677,1.36468,54.803738,9.134,36631.673
ABC008_008,47862, T,39.226667,-75.560556,19283.3,35,253.474,0.67,479.64661,1.47,437,0.004,180.51,30.912,467.911,458.23,235.734,0.24,0, CR_ASC,0.280233,0.018235,0.042467,0.02157,28337.184,8780.914,17864.556,54982.655,54982.655,1.367386,75.182512,12.53,36619.142
ABC008_008,47872, T,39.224444,-75.581111,19700,40,250.127,0.644,471.375719,0.965,439,90,179.183,30.831,439.643,449.444,231.214,-0.121,0, CR_ASC,0.289966,0.018235,0.042467,0.021806,26494.198,-4441.344,20201.234,42254.088,42254.088,1.369237,57.855874,9.643,36609.5
ABC008_008,47882, T,39.220833,-75.611944,20016.7,35,250.126,0.644,465.167407,1.449,442,0.004,179.183,30.831,472.828,462.586,237.975,0.318,0, CR_ASC,0.287129,0.018235,0.042467,0.021736,27976.531,11653.162,15244.717,54874.41,54874.41,1.372858,75.334793,12.556,36596.944
ABC008_008,47892, T,39.218611,-75.632778,20383.3,35,250.124,0.644,458.061732,0.978,444,90,179.182,30.831,444.63,454.861,234.001,-0.031,0, CR_ASC,0.283657,0.018235,0.042467,0.021652,26944.669,-1116.404,17566.238,43394.503,43394.503,1.377361,59.769888,9.962,36586.982
ABC008_008,47902, T,39.215,-75.664167,20716.7,35,250.122,0.644,451.678548,1.475,445,0.004,179.181,30.831,475.828,465.929,239.694,0.229,0, CR_ASC,0.281531,0.018235,0.042467,0.021601,28204.635,8390.846,15929.084,52524.566,52524.566,1.380139,72.491227,12.082,36574.9
ABC008_008,47912, T,39.212778,-75.685556,21083.3,35,246.578,0.618,444.740441,1.003,446,90,177.633,30.607,445.786,455.993,234.583,-0.17,0, CR_ASC,0.292584,0.018235,0.042467,0.02187,26244.987,-6214.926,17476.933,37506.993,37506.993,1.381081,51.80018,8.633,36566.267
